http://i.imgur.com/TKLs9lo.jpg,#232323,#2B2B2B,#212121
https://i.redd.it/4m5yk8gjrtzy.jpg,#080000,#1B0708,#010101
https://i.redd.it/s5viyluv421z.jpg,#070000,#0D0000,#270B00
http://i.imgur.com/lcEUZHv.jpg,#030303,#2D2D2D,#4E4E4E
https://i.redd.it/w5q6gldnvcuy.jpg,#030722,#030E2A,#050B2B
https://i.redd.it/1nlgrn49x7ry.jpg,#0D0D0D,#3A3935,#34332F
http://i.imgur.com/sXhEQez.jpg,#767676,#7A7A7A,#515151
http://i.imgur.com/FApqk3D.jpg,#FCFFFF,#FEFFFF,#FFFFFF
http://i.imgur.com/puEqa4C.jpg,#040000,#010000,#010009
http://i.imgur.com/tyDhTll.jpg,#020200,#A4947A,#060702
https://i.redd.it/fsuv32a1cc9y.jpg,#030000,#F2F2F2,#000002
https://i.redd.it/h5t3qddvvzry.jpg,#060606,#0B0B0B,#0C0C0C
https://i.redd.it/cpkq97klre4z.jpg,#242515,#232414,#252616
http://i.imgur.com/M3NOzLC.jpg,#F1EAE2,#EBE4DC,#DAD3CD
https://i.redd.it/ihczg3pmle3z.jpg,#C2C6B8,#BCC5B2,#B8C0B1
https://i.redd.it/cwljeujku33z.jpg,#050400,#090803,#060300
https://i.redd.it/xae65ypfqycy.jpg,#F5F5F5,#F4F4F4,#040300
https://i.redd.it/sn7ufk9fsv4z.jpg,#FCF8EF,#FCFFFF,#FBF8F1
http://i.imgur.com/RycdbMO.jpg,#151D28,#9F9794,#010713
http://i.imgur.com/pt9rmrv.jpg,#090408,#6C473F,#6C4947
https://i.redd.it/0qow2dksb34z.jpg,#E8D698,#E8EBE0,#E4D7C7
https://i.redd.it/n9jq5j2tatcy.jpg,#0B1820,#D2D7D0,#D0D5CE
https://i.redd.it/c5pk0vnpg3ty.jpg,#D0CED1,#373C64,#EBE9EC
https://i.redd.it/ru12lvaf7jyy.jpg,#311C1B,#FBE2F5,#FBEEF7
https://i.redd.it/ax4eueu0szpy.jpg,#706A76,#010916,#011D1E
https://i.redd.it/rubsfuf64lvy.jpg,#F2F1F9,#030500,#03074E
http://i.imgur.com/qvnjbVw.jpg,#F3FCFB,#D5D5D7,#D4D3D9
https://i.redd.it/tb5pckm6e72y.jpg,#050402,#050400,#010101
https://i.redd.it/fyqzavufvjwy.jpg,#251A14,#503627,#0A1C1C
http://i.imgur.com/6pnYQUv.jpg,#EFF0EB,#131416,#141517
https://i.redd.it/guul6eld2soy.jpg,#030000,#B3B09D,#E0DFCD
https://i.redd.it/7ofdqmp53bzy.jpg,#312718,#000200,#000000
https://i.imgur.com/HRgRMOw.jpg,#F1F3F0,#F1E8C9,#F6F5FA
https://i.redd.it/4m5yk8gjrtzy.jpg,#080000,#1B0708,#010101
http://i.imgur.com/TKLs9lo.jpg,#232323,#2B2B2B,#212121
https://i.redd.it/w5q6gldnvcuy.jpg,#030722,#030E2A,#050B2B
https://i.redd.it/s5viyluv421z.jpg,#070000,#0D0000,#270B00
http://i.imgur.com/FApqk3D.jpg,#FCFFFF,#FEFFFF,#FFFFFF
https://i.redd.it/1nlgrn49x7ry.jpg,#0D0D0D,#3A3935,#34332F
http://i.imgur.com/Gh2I3pq.jpg,#D5BCA6,#50412E,#1B100A
http://i.imgur.com/lcEUZHv.jpg,#030303,#2D2D2D,#4E4E4E
http://i.imgur.com/M3NOzLC.jpg,#F1EAE2,#EBE4DC,#DAD3CD
https://i.redd.it/lsuw4p2ncyny.jpg,#F6F6F4,#DDDBDC,#DBD9DA
http://i.imgur.com/sXhEQez.jpg,#767676,#7A7A7A,#515151
https://i.redd.it/ihczg3pmle3z.jpg,#C2C6B8,#BCC5B2,#B8C0B1
https://i.redd.it/m4cfqp8wfv5z.jpg,#DBD6DA,#DAD8D9,#040C0F
http://i.imgur.com/tyDhTll.jpg,#020200,#A4947A,#060702
https://i.redd.it/h5t3qddvvzry.jpg,#060606,#0B0B0B,#0C0C0C
https://i.redd.it/xae65ypfqycy.jpg,#F5F5F5,#F4F4F4,#040300
http://i.imgur.com/puEqa4C.jpg,#040000,#010000,#010009
https://i.redd.it/fsuv32a1cc9y.jpg,#030000,#F2F2F2,#000002
https://i.redd.it/cpkq97klre4z.jpg,#242515,#232414,#252616
https://i.redd.it/n9jq5j2tatcy.jpg,#0B1820,#D2D7D0,#D0D5CE
https://i.redd.it/cwljeujku33z.jpg,#050400,#090803,#060300
https://i.redd.it/rubsfuf64lvy.jpg,#F2F1F9,#030500,#03074E
https://i.redd.it/sn7ufk9fsv4z.jpg,#FCF8EF,#FCFFFF,#FBF8F1
http://i.imgur.com/pt9rmrv.jpg,#090408,#6C473F,#6C4947
http://i.imgur.com/RycdbMO.jpg,#151D28,#9F9794,#010713
https://i.redd.it/ru12lvaf7jyy.jpg,#311C1B,#FBE2F5,#FBEEF7
https://i.redd.it/c5pk0vnpg3ty.jpg,#D0CED1,#373C64,#EBE9EC
https://i.imgur.com/HRgRMOw.jpg,#F1F3F0,#F1E8C9,#F6F5FA
https://i.redd.it/ax4eueu0szpy.jpg,#706A76,#010916,#011D1E
http://i.imgur.com/6pnYQUv.jpg,#EFF0EB,#131416,#141517
http://i.imgur.com/qvnjbVw.jpg,#F3FCFB,#D5D5D7,#D4D3D9
https://i.redd.it/guul6eld2soy.jpg,#030000,#B3B09D,#E0DFCD
https://i.redd.it/fyqzavufvjwy.jpg,#251A14,#503627,#0A1C1C
https://i.redd.it/tb5pckm6e72y.jpg,#050402,#050400,#010101
https://i.redd.it/0qow2dksb34z.jpg,#E8D698,#E8EBE0,#E4D7C7
https://i.redd.it/4m5yk8gjrtzy.jpg,#080000,#1B0708,#010101
http://i.imgur.com/TKLs9lo.jpg,#232323,#2B2B2B,#212121
https://i.redd.it/1nlgrn49x7ry.jpg,#0D0D0D,#3A3935,#34332F
https://i.redd.it/7ofdqmp53bzy.jpg,#312718,#000200,#000000
http://i.imgur.com/lcEUZHv.jpg,#030303,#2D2D2D,#4E4E4E
http://i.imgur.com/FApqk3D.jpg,#FCFFFF,#FEFFFF,#FFFFFF
https://i.redd.it/s5viyluv421z.jpg,#070000,#0D0000,#270B00
http://i.imgur.com/Gh2I3pq.jpg,#D5BCA6,#50412E,#1B100A
http://i.imgur.com/enhDnTM.jpg,#000000,#0E0E0E,#181818
https://i.redd.it/w5q6gldnvcuy.jpg,#030722,#030E2A,#050B2B
https://i.redd.it/xae65ypfqycy.jpg,#F5F5F5,#F4F4F4,#040300
https://i.redd.it/fsuv32a1cc9y.jpg,#030000,#F2F2F2,#000002
http://i.imgur.com/sXhEQez.jpg,#767676,#7A7A7A,#515151
https://i.redd.it/cwljeujku33z.jpg,#050400,#090803,#060300
http://i.imgur.com/tyDhTll.jpg,#020200,#A4947A,#060702
http://i.imgur.com/puEqa4C.jpg,#040000,#010000,#010009
http://i.imgur.com/M3NOzLC.jpg,#F1EAE2,#EBE4DC,#DAD3CD
https://i.redd.it/cpkq97klre4z.jpg,#242515,#232414,#252616
https://i.redd.it/h5t3qddvvzry.jpg,#060606,#0B0B0B,#0C0C0C
https://i.redd.it/ihczg3pmle3z.jpg,#C2C6B8,#BCC5B2,#B8C0B1
https://i.redd.it/m4cfqp8wfv5z.jpg,#DBD6DA,#DAD8D9,#040C0F
https://i.redd.it/n9jq5j2tatcy.jpg,#0B1820,#D2D7D0,#D0D5CE
https://i.redd.it/0qow2dksb34z.jpg,#E8D698,#E8EBE0,#E4D7C7
https://i.redd.it/lsuw4p2ncyny.jpg,#F6F6F4,#DDDBDC,#DBD9DA
https://i.redd.it/rubsfuf64lvy.jpg,#F2F1F9,#030500,#03074E
https://i.redd.it/sn7ufk9fsv4z.jpg,#FCF8EF,#FCFFFF,#FBF8F1
https://i.imgur.com/HRgRMOw.jpg,#F1F3F0,#F1E8C9,#F6F5FA
https://i.redd.it/ru12lvaf7jyy.jpg,#311C1B,#FBE2F5,#FBEEF7
https://i.redd.it/c5pk0vnpg3ty.jpg,#D0CED1,#373C64,#EBE9EC
http://i.imgur.com/pt9rmrv.jpg,#090408,#6C473F,#6C4947
https://i.redd.it/ax4eueu0szpy.jpg,#706A76,#010916,#011D1E
https://i.redd.it/tb5pckm6e72y.jpg,#050402,#050400,#010101
http://i.imgur.com/RycdbMO.jpg,#151D28,#9F9794,#010713
http://i.imgur.com/6pnYQUv.jpg,#EFF0EB,#131416,#141517
https://i.redd.it/guul6eld2soy.jpg,#030000,#B3B09D,#E0DFCD
http://i.imgur.com/qvnjbVw.jpg,#F3FCFB,#D5D5D7,#D4D3D9
https://i.redd.it/fyqzavufvjwy.jpg,#251A14,#503627,#0A1C1C
https://i.redd.it/4m5yk8gjrtzy.jpg,#080000,#1B0708,#010101
https://i.redd.it/7ofdqmp53bzy.jpg,#312718,#000200,#000000
http://i.imgur.com/TKLs9lo.jpg,#232323,#2B2B2B,#212121
http://i.imgur.com/FApqk3D.jpg,#FCFFFF,#FEFFFF,#FFFFFF
https://i.redd.it/1nlgrn49x7ry.jpg,#0D0D0D,#3A3935,#34332F
https://i.redd.it/m4cfqp8wfv5z.jpg,#DBD6DA,#DAD8D9,#040C0F
http://i.imgur.com/lcEUZHv.jpg,#030303,#2D2D2D,#4E4E4E
http://i.imgur.com/Gh2I3pq.jpg,#D5BCA6,#50412E,#1B100A
https://i.redd.it/w5q6gldnvcuy.jpg,#030722,#030E2A,#050B2B
https://i.redd.it/s5viyluv421z.jpg,#070000,#0D0000,#270B00
https://i.redd.it/xae65ypfqycy.jpg,#F5F5F5,#F4F4F4,#040300
http://i.imgur.com/enhDnTM.jpg,#000000,#0E0E0E,#181818
https://i.redd.it/lsuw4p2ncyny.jpg,#F6F6F4,#DDDBDC,#DBD9DA
http://i.imgur.com/sXhEQez.jpg,#767676,#7A7A7A,#515151
https://i.redd.it/h5t3qddvvzry.jpg,#060606,#0B0B0B,#0C0C0C
https://i.redd.it/fsuv32a1cc9y.jpg,#030000,#F2F2F2,#000002
https://i.redd.it/ihczg3pmle3z.jpg,#C2C6B8,#BCC5B2,#B8C0B1
https://i.redd.it/cwljeujku33z.jpg,#050400,#090803,#060300
http://i.imgur.com/puEqa4C.jpg,#040000,#010000,#010009
http://i.imgur.com/tyDhTll.jpg,#020200,#A4947A,#060702
http://i.imgur.com/M3NOzLC.jpg,#F1EAE2,#EBE4DC,#DAD3CD
https://i.redd.it/n9jq5j2tatcy.jpg,#0B1820,#D2D7D0,#D0D5CE
https://i.redd.it/cpkq97klre4z.jpg,#242515,#232414,#252616
https://i.redd.it/0qow2dksb34z.jpg,#E8D698,#E8EBE0,#E4D7C7
http://i.imgur.com/pt9rmrv.jpg,#090408,#6C473F,#6C4947
https://i.redd.it/c5pk0vnpg3ty.jpg,#D0CED1,#373C64,#EBE9EC
https://i.redd.it/rubsfuf64lvy.jpg,#F2F1F9,#030500,#03074E
http://i.imgur.com/6pnYQUv.jpg,#EFF0EB,#131416,#141517
https://i.redd.it/ax4eueu0szpy.jpg,#706A76,#010916,#011D1E
https://i.redd.it/sn7ufk9fsv4z.jpg,#FCF8EF,#FCFFFF,#FBF8F1
http://i.imgur.com/RycdbMO.jpg,#151D28,#9F9794,#010713
https://i.imgur.com/HRgRMOw.jpg,#F1F3F0,#F1E8C9,#F6F5FA
http://i.imgur.com/qvnjbVw.jpg,#F3FCFB,#D5D5D7,#D4D3D9
https://i.redd.it/guul6eld2soy.jpg,#030000,#B3B09D,#E0DFCD
https://i.redd.it/tb5pckm6e72y.jpg,#050402,#050400,#010101
https://i.redd.it/ru12lvaf7jyy.jpg,#311C1B,#FBE2F5,#FBEEF7
https://i.redd.it/fyqzavufvjwy.jpg,#251A14,#503627,#0A1C1C
http://i.imgur.com/FApqk3D.jpg,#FCFFFF,#FEFFFF,#FFFFFF
https://i.redd.it/4m5yk8gjrtzy.jpg,#080000,#1B0708,#010101
http://i.imgur.com/TKLs9lo.jpg,#232323,#2B2B2B,#212121
https://i.redd.it/1nlgrn49x7ry.jpg,#0D0D0D,#3A3935,#34332F
https://i.redd.it/7ofdqmp53bzy.jpg,#312718,#000200,#000000
http://i.imgur.com/lcEUZHv.jpg,#030303,#2D2D2D,#4E4E4E
https://i.redd.it/s5viyluv421z.jpg,#070000,#0D0000,#270B00
http://i.imgur.com/M3NOzLC.jpg,#F1EAE2,#EBE4DC,#DAD3CD
https://i.redd.it/w5q6gldnvcuy.jpg,#030722,#030E2A,#050B2B
http://i.imgur.com/sXhEQez.jpg,#767676,#7A7A7A,#515151
http://i.imgur.com/Gh2I3pq.jpg,#D5BCA6,#50412E,#1B100A
https://i.redd.it/m4cfqp8wfv5z.jpg,#DBD6DA,#DAD8D9,#040C0F
https://i.redd.it/h5t3qddvvzry.jpg,#060606,#0B0B0B,#0C0C0C
https://i.redd.it/fsuv32a1cc9y.jpg,#030000,#F2F2F2,#000002
https://i.redd.it/cwljeujku33z.jpg,#050400,#090803,#060300
https://i.redd.it/xae65ypfqycy.jpg,#F5F5F5,#F4F4F4,#040300
http://i.imgur.com/tyDhTll.jpg,#020200,#A4947A,#060702
https://i.redd.it/ihczg3pmle3z.jpg,#C2C6B8,#BCC5B2,#B8C0B1
https://i.redd.it/cpkq97klre4z.jpg,#242515,#232414,#252616
http://i.imgur.com/puEqa4C.jpg,#040000,#010000,#010009
https://i.redd.it/sn7ufk9fsv4z.jpg,#FCF8EF,#FCFFFF,#FBF8F1
http://i.imgur.com/enhDnTM.jpg,#000000,#0E0E0E,#181818
https://i.redd.it/n9jq5j2tatcy.jpg,#0B1820,#D2D7D0,#D0D5CE
https://i.imgur.com/HRgRMOw.jpg,#F1F3F0,#F1E8C9,#F6F5FA
https://i.redd.it/rubsfuf64lvy.jpg,#F2F1F9,#030500,#03074E
http://i.imgur.com/pt9rmrv.jpg,#090408,#6C473F,#6C4947
https://i.redd.it/ru12lvaf7jyy.jpg,#311C1B,#FBE2F5,#FBEEF7
https://i.redd.it/c5pk0vnpg3ty.jpg,#D0CED1,#373C64,#EBE9EC
https://i.redd.it/lsuw4p2ncyny.jpg,#F6F6F4,#DDDBDC,#DBD9DA
https://i.redd.it/0qow2dksb34z.jpg,#E8D698,#E8EBE0,#E4D7C7
https://i.redd.it/ax4eueu0szpy.jpg,#706A76,#010916,#011D1E
http://i.imgur.com/RycdbMO.jpg,#151D28,#9F9794,#010713
http://i.imgur.com/6pnYQUv.jpg,#EFF0EB,#131416,#141517
https://i.redd.it/tb5pckm6e72y.jpg,#050402,#050400,#010101
https://i.redd.it/fyqzavufvjwy.jpg,#251A14,#503627,#0A1C1C
http://i.imgur.com/qvnjbVw.jpg,#F3FCFB,#D5D5D7,#D4D3D9
https://i.redd.it/4m5yk8gjrtzy.jpg,#080000,#1B0708,#010101
http://i.imgur.com/TKLs9lo.jpg,#232323,#2B2B2B,#212121
https://i.redd.it/guul6eld2soy.jpg,#030000,#B3B09D,#E0DFCD
http://i.imgur.com/FApqk3D.jpg,#FCFFFF,#FEFFFF,#FFFFFF
https://i.redd.it/1nlgrn49x7ry.jpg,#0D0D0D,#3A3935,#34332F
https://i.redd.it/7ofdqmp53bzy.jpg,#312718,#000200,#000000
https://i.redd.it/s5viyluv421z.jpg,#070000,#0D0000,#270B00
https://i.redd.it/w5q6gldnvcuy.jpg,#030722,#030E2A,#050B2B
https://i.redd.it/m4cfqp8wfv5z.jpg,#DBD6DA,#DAD8D9,#040C0F
http://i.imgur.com/Gh2I3pq.jpg,#D5BCA6,#50412E,#1B100A
http://i.imgur.com/lcEUZHv.jpg,#030303,#2D2D2D,#4E4E4E
https://i.redd.it/xae65ypfqycy.jpg,#F5F5F5,#F4F4F4,#040300
http://i.imgur.com/sXhEQez.jpg,#767676,#7A7A7A,#515151
https://i.redd.it/h5t3qddvvzry.jpg,#060606,#0B0B0B,#0C0C0C
https://i.redd.it/fsuv32a1cc9y.jpg,#030000,#F2F2F2,#000002
http://i.imgur.com/tyDhTll.jpg,#020200,#A4947A,#060702
https://i.redd.it/ihczg3pmle3z.jpg,#C2C6B8,#BCC5B2,#B8C0B1
http://i.imgur.com/M3NOzLC.jpg,#F1EAE2,#EBE4DC,#DAD3CD
http://i.imgur.com/enhDnTM.jpg,#000000,#0E0E0E,#181818
https://i.redd.it/cpkq97klre4z.jpg,#242515,#232414,#252616
http://i.imgur.com/puEqa4C.jpg,#040000,#010000,#010009
https://i.redd.it/cwljeujku33z.jpg,#050400,#090803,#060300
https://i.redd.it/n9jq5j2tatcy.jpg,#0B1820,#D2D7D0,#D0D5CE
https://i.redd.it/sn7ufk9fsv4z.jpg,#FCF8EF,#FCFFFF,#FBF8F1
http://i.imgur.com/pt9rmrv.jpg,#090408,#6C473F,#6C4947
https://i.redd.it/rubsfuf64lvy.jpg,#F2F1F9,#030500,#03074E
https://i.redd.it/ru12lvaf7jyy.jpg,#311C1B,#FBE2F5,#FBEEF7
https://i.imgur.com/HRgRMOw.jpg,#F1F3F0,#F1E8C9,#F6F5FA
https://i.redd.it/c5pk0vnpg3ty.jpg,#D0CED1,#373C64,#EBE9EC
http://i.imgur.com/RycdbMO.jpg,#151D28,#9F9794,#010713
https://i.redd.it/ax4eueu0szpy.jpg,#706A76,#010916,#011D1E
https://i.redd.it/0qow2dksb34z.jpg,#E8D698,#E8EBE0,#E4D7C7
https://i.redd.it/guul6eld2soy.jpg,#030000,#B3B09D,#E0DFCD
https://i.redd.it/lsuw4p2ncyny.jpg,#F6F6F4,#DDDBDC,#DBD9DA
https://i.redd.it/7ofdqmp53bzy.jpg,#312718,#000200,#000000
https://i.redd.it/tb5pckm6e72y.jpg,#050402,#050400,#010101
http://i.imgur.com/qvnjbVw.jpg,#F3FCFB,#D5D5D7,#D4D3D9
https://i.redd.it/fyqzavufvjwy.jpg,#251A14,#503627,#0A1C1C
http://i.imgur.com/6pnYQUv.jpg,#EFF0EB,#131416,#141517
https://i.redd.it/4m5yk8gjrtzy.jpg,#080000,#1B0708,#010101
https://i.redd.it/1nlgrn49x7ry.jpg,#0D0D0D,#3A3935,#34332F
http://i.imgur.com/TKLs9lo.jpg,#232323,#2B2B2B,#212121
http://i.imgur.com/lcEUZHv.jpg,#030303,#2D2D2D,#4E4E4E
http://i.imgur.com/FApqk3D.jpg,#FCFFFF,#FEFFFF,#FFFFFF
https://i.redd.it/w5q6gldnvcuy.jpg,#030722,#030E2A,#050B2B
https://i.redd.it/s5viyluv421z.jpg,#070000,#0D0000,#270B00
http://i.imgur.com/enhDnTM.jpg,#000000,#0E0E0E,#181818
https://i.redd.it/xae65ypfqycy.jpg,#F5F5F5,#F4F4F4,#040300
http://i.imgur.com/M3NOzLC.jpg,#F1EAE2,#EBE4DC,#DAD3CD
http://i.imgur.com/Gh2I3pq.jpg,#D5BCA6,#50412E,#1B100A
http://i.imgur.com/sXhEQez.jpg,#767676,#7A7A7A,#515151
https://i.redd.it/m4cfqp8wfv5z.jpg,#DBD6DA,#DAD8D9,#040C0F
https://i.redd.it/fsuv32a1cc9y.jpg,#030000,#F2F2F2,#000002
http://i.imgur.com/tyDhTll.jpg,#020200,#A4947A,#060702
http://i.imgur.com/puEqa4C.jpg,#040000,#010000,#010009
https://i.redd.it/cwljeujku33z.jpg,#050400,#090803,#060300
https://i.redd.it/ihczg3pmle3z.jpg,#C2C6B8,#BCC5B2,#B8C0B1
https://i.redd.it/h5t3qddvvzry.jpg,#060606,#0B0B0B,#0C0C0C
https://i.redd.it/cpkq97klre4z.jpg,#242515,#232414,#252616
https://i.redd.it/sn7ufk9fsv4z.jpg,#FCF8EF,#FCFFFF,#FBF8F1
https://i.redd.it/n9jq5j2tatcy.jpg,#0B1820,#D2D7D0,#D0D5CE
https://i.redd.it/rubsfuf64lvy.jpg,#F2F1F9,#030500,#03074E
https://i.redd.it/ru12lvaf7jyy.jpg,#311C1B,#FBE2F5,#FBEEF7
http://i.imgur.com/pt9rmrv.jpg,#090408,#6C473F,#6C4947
https://i.imgur.com/HRgRMOw.jpg,#F1F3F0,#F1E8C9,#F6F5FA
https://i.redd.it/c5pk0vnpg3ty.jpg,#D0CED1,#373C64,#EBE9EC
http://i.imgur.com/6pnYQUv.jpg,#EFF0EB,#131416,#141517
https://i.redd.it/ax4eueu0szpy.jpg,#706A76,#010916,#011D1E
https://i.redd.it/lsuw4p2ncyny.jpg,#F6F6F4,#DDDBDC,#DBD9DA
http://i.imgur.com/RycdbMO.jpg,#151D28,#9F9794,#010713
http://i.imgur.com/qvnjbVw.jpg,#F3FCFB,#D5D5D7,#D4D3D9
https://i.redd.it/tb5pckm6e72y.jpg,#050402,#050400,#010101
https://i.redd.it/fyqzavufvjwy.jpg,#251A14,#503627,#0A1C1C
https://i.redd.it/guul6eld2soy.jpg,#030000,#B3B09D,#E0DFCD
https://i.redd.it/7ofdqmp53bzy.jpg,#312718,#000200,#000000
https://i.redd.it/0qow2dksb34z.jpg,#E8D698,#E8EBE0,#E4D7C7
https://i.redd.it/4m5yk8gjrtzy.jpg,#080000,#1B0708,#010101
http://i.imgur.com/TKLs9lo.jpg,#232323,#2B2B2B,#212121
http://i.imgur.com/FApqk3D.jpg,#FCFFFF,#FEFFFF,#FFFFFF
http://i.imgur.com/enhDnTM.jpg,#000000,#0E0E0E,#181818
https://i.redd.it/m4cfqp8wfv5z.jpg,#DBD6DA,#DAD8D9,#040C0F
http://i.imgur.com/lcEUZHv.jpg,#030303,#2D2D2D,#4E4E4E
https://i.redd.it/1nlgrn49x7ry.jpg,#0D0D0D,#3A3935,#34332F
https://i.redd.it/w5q6gldnvcuy.jpg,#030722,#030E2A,#050B2B
http://i.imgur.com/Gh2I3pq.jpg,#D5BCA6,#50412E,#1B100A
https://i.redd.it/s5viyluv421z.jpg,#070000,#0D0000,#270B00
http://i.imgur.com/sXhEQez.jpg,#767676,#7A7A7A,#515151
http://i.imgur.com/M3NOzLC.jpg,#F1EAE2,#EBE4DC,#DAD3CD
https://i.redd.it/ihczg3pmle3z.jpg,#C2C6B8,#BCC5B2,#B8C0B1
https://i.redd.it/xae65ypfqycy.jpg,#F5F5F5,#F4F4F4,#040300
https://i.redd.it/cwljeujku33z.jpg,#050400,#090803,#060300
https://i.redd.it/fsuv32a1cc9y.jpg,#030000,#F2F2F2,#000002
http://i.imgur.com/puEqa4C.jpg,#040000,#010000,#010009
https://i.redd.it/h5t3qddvvzry.jpg,#060606,#0B0B0B,#0C0C0C
http://i.imgur.com/tyDhTll.jpg,#020200,#A4947A,#060702
https://i.redd.it/cpkq97klre4z.jpg,#242515,#232414,#252616
https://i.redd.it/sn7ufk9fsv4z.jpg,#FCF8EF,#FCFFFF,#FBF8F1
https://i.redd.it/rubsfuf64lvy.jpg,#F2F1F9,#030500,#03074E
https://i.redd.it/n9jq5j2tatcy.jpg,#0B1820,#D2D7D0,#D0D5CE
https://i.redd.it/c5pk0vnpg3ty.jpg,#D0CED1,#373C64,#EBE9EC
https://i.redd.it/ru12lvaf7jyy.jpg,#311C1B,#FBE2F5,#FBEEF7
http://i.imgur.com/RycdbMO.jpg,#151D28,#9F9794,#010713
https://i.redd.it/lsuw4p2ncyny.jpg,#F6F6F4,#DDDBDC,#DBD9DA
https://i.imgur.com/HRgRMOw.jpg,#F1F3F0,#F1E8C9,#F6F5FA
https://i.redd.it/ax4eueu0szpy.jpg,#706A76,#010916,#011D1E
http://i.imgur.com/pt9rmrv.jpg,#090408,#6C473F,#6C4947
http://i.imgur.com/qvnjbVw.jpg,#F3FCFB,#D5D5D7,#D4D3D9
http://i.imgur.com/6pnYQUv.jpg,#EFF0EB,#131416,#141517
https://i.redd.it/tb5pckm6e72y.jpg,#050402,#050400,#010101
https://i.redd.it/guul6eld2soy.jpg,#030000,#B3B09D,#E0DFCD
https://i.redd.it/fyqzavufvjwy.jpg,#251A14,#503627,#0A1C1C
https://i.redd.it/0qow2dksb34z.jpg,#E8D698,#E8EBE0,#E4D7C7
https://i.redd.it/4m5yk8gjrtzy.jpg,#080000,#1B0708,#010101
http://i.imgur.com/FApqk3D.jpg,#FCFFFF,#FEFFFF,#FFFFFF
https://i.redd.it/7ofdqmp53bzy.jpg,#312718,#000200,#000000
http://i.imgur.com/TKLs9lo.jpg,#232323,#2B2B2B,#212121
http://i.imgur.com/lcEUZHv.jpg,#030303,#2D2D2D,#4E4E4E
https://i.redd.it/1nlgrn49x7ry.jpg,#0D0D0D,#3A3935,#34332F
http://i.imgur.com/enhDnTM.jpg,#000000,#0E0E0E,#181818
https://i.redd.it/s5viyluv421z.jpg,#070000,#0D0000,#270B00
https://i.redd.it/xae65ypfqycy.jpg,#F5F5F5,#F4F4F4,#040300
https://i.redd.it/w5q6gldnvcuy.jpg,#030722,#030E2A,#050B2B
http://i.imgur.com/Gh2I3pq.jpg,#D5BCA6,#50412E,#1B100A
http://i.imgur.com/sXhEQez.jpg,#767676,#7A7A7A,#515151
https://i.redd.it/h5t3qddvvzry.jpg,#060606,#0B0B0B,#0C0C0C
http://i.imgur.com/M3NOzLC.jpg,#F1EAE2,#EBE4DC,#DAD3CD
https://i.redd.it/fsuv32a1cc9y.jpg,#030000,#F2F2F2,#000002
http://i.imgur.com/tyDhTll.jpg,#020200,#A4947A,#060702
http://i.imgur.com/puEqa4C.jpg,#040000,#010000,#010009
https://i.redd.it/cpkq97klre4z.jpg,#242515,#232414,#252616
https://i.redd.it/cwljeujku33z.jpg,#050400,#090803,#060300
https://i.redd.it/ihczg3pmle3z.jpg,#C2C6B8,#BCC5B2,#B8C0B1
http://i.imgur.com/pt9rmrv.jpg,#090408,#6C473F,#6C4947
https://i.redd.it/m4cfqp8wfv5z.jpg,#DBD6DA,#DAD8D9,#040C0F
https://i.redd.it/n9jq5j2tatcy.jpg,#0B1820,#D2D7D0,#D0D5CE
https://i.redd.it/0qow2dksb34z.jpg,#E8D698,#E8EBE0,#E4D7C7
https://i.redd.it/c5pk0vnpg3ty.jpg,#D0CED1,#373C64,#EBE9EC
https://i.imgur.com/HRgRMOw.jpg,#F1F3F0,#F1E8C9,#F6F5FA
http://i.imgur.com/6pnYQUv.jpg,#EFF0EB,#131416,#141517
https://i.redd.it/ru12lvaf7jyy.jpg,#311C1B,#FBE2F5,#FBEEF7
http://i.imgur.com/RycdbMO.jpg,#151D28,#9F9794,#010713
https://i.redd.it/rubsfuf64lvy.jpg,#F2F1F9,#030500,#03074E
https://i.redd.it/ax4eueu0szpy.jpg,#706A76,#010916,#011D1E
https://i.redd.it/lsuw4p2ncyny.jpg,#F6F6F4,#DDDBDC,#DBD9DA
https://i.redd.it/tb5pckm6e72y.jpg,#050402,#050400,#010101
http://i.imgur.com/qvnjbVw.jpg,#F3FCFB,#D5D5D7,#D4D3D9
https://i.redd.it/fyqzavufvjwy.jpg,#251A14,#503627,#0A1C1C
https://i.redd.it/guul6eld2soy.jpg,#030000,#B3B09D,#E0DFCD
https://i.redd.it/4m5yk8gjrtzy.jpg,#080000,#1B0708,#010101
http://i.imgur.com/TKLs9lo.jpg,#232323,#2B2B2B,#212121
http://i.imgur.com/FApqk3D.jpg,#FCFFFF,#FEFFFF,#FFFFFF
https://i.redd.it/7ofdqmp53bzy.jpg,#312718,#000200,#000000
https://i.redd.it/1nlgrn49x7ry.jpg,#0D0D0D,#3A3935,#34332F
https://i.redd.it/s5viyluv421z.jpg,#070000,#0D0000,#270B00
http://i.imgur.com/lcEUZHv.jpg,#030303,#2D2D2D,#4E4E4E
http://i.imgur.com/enhDnTM.jpg,#000000,#0E0E0E,#181818
https://i.redd.it/xae65ypfqycy.jpg,#F5F5F5,#F4F4F4,#040300
https://i.redd.it/w5q6gldnvcuy.jpg,#030722,#030E2A,#050B2B
http://i.imgur.com/M3NOzLC.jpg,#F1EAE2,#EBE4DC,#DAD3CD
https://i.redd.it/m4cfqp8wfv5z.jpg,#DBD6DA,#DAD8D9,#040C0F
https://i.redd.it/sn7ufk9fsv4z.jpg,#FCF8EF,#FCFFFF,#FBF8F1
https://i.redd.it/fsuv32a1cc9y.jpg,#030000,#F2F2F2,#000002
https://i.redd.it/h5t3qddvvzry.jpg,#060606,#0B0B0B,#0C0C0C
http://i.imgur.com/sXhEQez.jpg,#767676,#7A7A7A,#515151
https://i.redd.it/ihczg3pmle3z.jpg,#C2C6B8,#BCC5B2,#B8C0B1
http://i.imgur.com/Gh2I3pq.jpg,#D5BCA6,#50412E,#1B100A
https://i.redd.it/cwljeujku33z.jpg,#050400,#090803,#060300
https://i.redd.it/cpkq97klre4z.jpg,#242515,#232414,#252616
http://i.imgur.com/puEqa4C.jpg,#040000,#010000,#010009
http://i.imgur.com/tyDhTll.jpg,#020200,#A4947A,#060702
https://i.redd.it/n9jq5j2tatcy.jpg,#0B1820,#D2D7D0,#D0D5CE
https://i.redd.it/rubsfuf64lvy.jpg,#F2F1F9,#030500,#03074E
https://i.redd.it/sn7ufk9fsv4z.jpg,#FCF8EF,#FCFFFF,#FBF8F1
https://i.redd.it/0qow2dksb34z.jpg,#E8D698,#E8EBE0,#E4D7C7
https://i.redd.it/c5pk0vnpg3ty.jpg,#D0CED1,#373C64,#EBE9EC
https://i.imgur.com/HRgRMOw.jpg,#F1F3F0,#F1E8C9,#F6F5FA
https://i.redd.it/ru12lvaf7jyy.jpg,#311C1B,#FBE2F5,#FBEEF7
https://i.redd.it/ax4eueu0szpy.jpg,#706A76,#010916,#011D1E
http://i.imgur.com/RycdbMO.jpg,#151D28,#9F9794,#010713
http://i.imgur.com/pt9rmrv.jpg,#090408,#6C473F,#6C4947
http://i.imgur.com/6pnYQUv.jpg,#EFF0EB,#131416,#141517
https://i.redd.it/lsuw4p2ncyny.jpg,#F6F6F4,#DDDBDC,#DBD9DA
https://i.redd.it/guul6eld2soy.jpg,#030000,#B3B09D,#E0DFCD
https://i.redd.it/tb5pckm6e72y.jpg,#050402,#050400,#010101
http://i.imgur.com/qvnjbVw.jpg,#F3FCFB,#D5D5D7,#D4D3D9
https://i.redd.it/4m5yk8gjrtzy.jpg,#080000,#1B0708,#010101
https://i.redd.it/fyqzavufvjwy.jpg,#251A14,#503627,#0A1C1C
http://i.imgur.com/TKLs9lo.jpg,#232323,#2B2B2B,#212121
https://i.redd.it/1nlgrn49x7ry.jpg,#0D0D0D,#3A3935,#34332F
https://i.redd.it/7ofdqmp53bzy.jpg,#312718,#000200,#000000
http://i.imgur.com/FApqk3D.jpg,#FCFFFF,#FEFFFF,#FFFFFF
https://i.redd.it/w5q6gldnvcuy.jpg,#030722,#030E2A,#050B2B
https://i.redd.it/xae65ypfqycy.jpg,#F5F5F5,#F4F4F4,#040300
http://i.imgur.com/lcEUZHv.jpg,#030303,#2D2D2D,#4E4E4E
http://i.imgur.com/enhDnTM.jpg,#000000,#0E0E0E,#181818
https://i.redd.it/s5viyluv421z.jpg,#070000,#0D0000,#270B00
https://i.redd.it/m4cfqp8wfv5z.jpg,#DBD6DA,#DAD8D9,#040C0F
http://i.imgur.com/sXhEQez.jpg,#767676,#7A7A7A,#515151
http://i.imgur.com/tyDhTll.jpg,#020200,#A4947A,#060702
https://i.redd.it/fsuv32a1cc9y.jpg,#030000,#F2F2F2,#000002
http://i.imgur.com/puEqa4C.jpg,#040000,#010000,#010009
http://i.imgur.com/Gh2I3pq.jpg,#D5BCA6,#50412E,#1B100A
https://i.redd.it/h5t3qddvvzry.jpg,#060606,#0B0B0B,#0C0C0C
https://i.redd.it/ihczg3pmle3z.jpg,#C2C6B8,#BCC5B2,#B8C0B1
https://i.redd.it/cpkq97klre4z.jpg,#242515,#232414,#252616
https://i.redd.it/cwljeujku33z.jpg,#050400,#090803,#060300
http://i.imgur.com/M3NOzLC.jpg,#F1EAE2,#EBE4DC,#DAD3CD
https://i.redd.it/n9jq5j2tatcy.jpg,#0B1820,#D2D7D0,#D0D5CE
https://i.imgur.com/HRgRMOw.jpg,#F1F3F0,#F1E8C9,#F6F5FA
https://i.redd.it/0qow2dksb34z.jpg,#E8D698,#E8EBE0,#E4D7C7
http://i.imgur.com/RycdbMO.jpg,#151D28,#9F9794,#010713
https://i.redd.it/rubsfuf64lvy.jpg,#F2F1F9,#030500,#03074E
http://i.imgur.com/pt9rmrv.jpg,#090408,#6C473F,#6C4947
https://i.redd.it/ru12lvaf7jyy.jpg,#311C1B,#FBE2F5,#FBEEF7
https://i.redd.it/sn7ufk9fsv4z.jpg,#FCF8EF,#FCFFFF,#FBF8F1
https://i.redd.it/c5pk0vnpg3ty.jpg,#D0CED1,#373C64,#EBE9EC
https://i.redd.it/ax4eueu0szpy.jpg,#706A76,#010916,#011D1E
https://i.redd.it/guul6eld2soy.jpg,#030000,#B3B09D,#E0DFCD
https://i.redd.it/lsuw4p2ncyny.jpg,#F6F6F4,#DDDBDC,#DBD9DA
http://i.imgur.com/6pnYQUv.jpg,#EFF0EB,#131416,#141517
https://i.redd.it/tb5pckm6e72y.jpg,#050402,#050400,#010101
http://i.imgur.com/qvnjbVw.jpg,#F3FCFB,#D5D5D7,#D4D3D9
https://i.redd.it/fyqzavufvjwy.jpg,#251A14,#503627,#0A1C1C
https://i.redd.it/7ofdqmp53bzy.jpg,#312718,#000200,#000000
http://i.imgur.com/TKLs9lo.jpg,#232323,#2B2B2B,#212121
https://i.redd.it/4m5yk8gjrtzy.jpg,#080000,#1B0708,#010101
https://i.redd.it/1nlgrn49x7ry.jpg,#0D0D0D,#3A3935,#34332F
http://i.imgur.com/FApqk3D.jpg,#FCFFFF,#FEFFFF,#FFFFFF
http://i.imgur.com/lcEUZHv.jpg,#030303,#2D2D2D,#4E4E4E
https://i.redd.it/w5q6gldnvcuy.jpg,#030722,#030E2A,#050B2B
https://i.redd.it/s5viyluv421z.jpg,#070000,#0D0000,#270B00
http://i.imgur.com/M3NOzLC.jpg,#F1EAE2,#EBE4DC,#DAD3CD
http://i.imgur.com/enhDnTM.jpg,#000000,#0E0E0E,#181818
https://i.redd.it/xae65ypfqycy.jpg,#F5F5F5,#F4F4F4,#040300
https://i.redd.it/h5t3qddvvzry.jpg,#060606,#0B0B0B,#0C0C0C
http://i.imgur.com/tyDhTll.jpg,#020200,#A4947A,#060702
http://i.imgur.com/sXhEQez.jpg,#767676,#7A7A7A,#515151
https://i.redd.it/fsuv32a1cc9y.jpg,#030000,#F2F2F2,#000002
http://i.imgur.com/puEqa4C.jpg,#040000,#010000,#010009
https://i.redd.it/m4cfqp8wfv5z.jpg,#DBD6DA,#DAD8D9,#040C0F
https://i.redd.it/cpkq97klre4z.jpg,#242515,#232414,#252616
https://i.redd.it/ihczg3pmle3z.jpg,#C2C6B8,#BCC5B2,#B8C0B1
https://i.redd.it/cwljeujku33z.jpg,#050400,#090803,#060300
https://i.redd.it/sn7ufk9fsv4z.jpg,#FCF8EF,#FCFFFF,#FBF8F1
http://i.imgur.com/Gh2I3pq.jpg,#D5BCA6,#50412E,#1B100A
https://i.redd.it/n9jq5j2tatcy.jpg,#0B1820,#D2D7D0,#D0D5CE
https://i.redd.it/rubsfuf64lvy.jpg,#F2F1F9,#030500,#03074E
http://i.imgur.com/pt9rmrv.jpg,#090408,#6C473F,#6C4947
https://i.redd.it/ru12lvaf7jyy.jpg,#311C1B,#FBE2F5,#FBEEF7
https://i.imgur.com/HRgRMOw.jpg,#F1F3F0,#F1E8C9,#F6F5FA
https://i.redd.it/c5pk0vnpg3ty.jpg,#D0CED1,#373C64,#EBE9EC
https://i.redd.it/ax4eueu0szpy.jpg,#706A76,#010916,#011D1E
http://i.imgur.com/qvnjbVw.jpg,#F3FCFB,#D5D5D7,#D4D3D9
http://i.imgur.com/6pnYQUv.jpg,#EFF0EB,#131416,#141517
http://i.imgur.com/RycdbMO.jpg,#151D28,#9F9794,#010713
https://i.redd.it/0qow2dksb34z.jpg,#E8D698,#E8EBE0,#E4D7C7
https://i.redd.it/tb5pckm6e72y.jpg,#050402,#050400,#010101
https://i.redd.it/lsuw4p2ncyny.jpg,#F6F6F4,#DDDBDC,#DBD9DA
https://i.redd.it/fyqzavufvjwy.jpg,#251A14,#503627,#0A1C1C
https://i.redd.it/4m5yk8gjrtzy.jpg,#080000,#1B0708,#010101
https://i.redd.it/7ofdqmp53bzy.jpg,#312718,#000200,#000000
http://i.imgur.com/TKLs9lo.jpg,#232323,#2B2B2B,#212121
http://i.imgur.com/Gh2I3pq.jpg,#D5BCA6,#50412E,#1B100A
http://i.imgur.com/lcEUZHv.jpg,#030303,#2D2D2D,#4E4E4E
http://i.imgur.com/enhDnTM.jpg,#000000,#0E0E0E,#181818
https://i.redd.it/guul6eld2soy.jpg,#030000,#B3B09D,#E0DFCD
https://i.redd.it/1nlgrn49x7ry.jpg,#0D0D0D,#3A3935,#34332F
https://i.redd.it/s5viyluv421z.jpg,#070000,#0D0000,#270B00
http://i.imgur.com/FApqk3D.jpg,#FCFFFF,#FEFFFF,#FFFFFF
https://i.redd.it/m4cfqp8wfv5z.jpg,#DBD6DA,#DAD8D9,#040C0F
http://i.imgur.com/sXhEQez.jpg,#767676,#7A7A7A,#515151
https://i.redd.it/fsuv32a1cc9y.jpg,#030000,#F2F2F2,#000002
https://i.redd.it/w5q6gldnvcuy.jpg,#030722,#030E2A,#050B2B
https://i.redd.it/h5t3qddvvzry.jpg,#060606,#0B0B0B,#0C0C0C
https://i.redd.it/xae65ypfqycy.jpg,#F5F5F5,#F4F4F4,#040300
https://i.redd.it/cwljeujku33z.jpg,#050400,#090803,#060300
http://i.imgur.com/tyDhTll.jpg,#020200,#A4947A,#060702
https://i.redd.it/cpkq97klre4z.jpg,#242515,#232414,#252616
https://i.redd.it/ihczg3pmle3z.jpg,#C2C6B8,#BCC5B2,#B8C0B1
http://i.imgur.com/puEqa4C.jpg,#040000,#010000,#010009
http://i.imgur.com/M3NOzLC.jpg,#F1EAE2,#EBE4DC,#DAD3CD
https://i.redd.it/n9jq5j2tatcy.jpg,#0B1820,#D2D7D0,#D0D5CE
http://i.imgur.com/pt9rmrv.jpg,#090408,#6C473F,#6C4947
https://i.redd.it/0qow2dksb34z.jpg,#E8D698,#E8EBE0,#E4D7C7
http://i.imgur.com/RycdbMO.jpg,#151D28,#9F9794,#010713
https://i.redd.it/ru12lvaf7jyy.jpg,#311C1B,#FBE2F5,#FBEEF7
https://i.imgur.com/HRgRMOw.jpg,#F1F3F0,#F1E8C9,#F6F5FA
https://i.redd.it/c5pk0vnpg3ty.jpg,#D0CED1,#373C64,#EBE9EC
https://i.redd.it/rubsfuf64lvy.jpg,#F2F1F9,#030500,#03074E
https://i.redd.it/ax4eueu0szpy.jpg,#706A76,#010916,#011D1E
http://i.imgur.com/qvnjbVw.jpg,#F3FCFB,#D5D5D7,#D4D3D9
https://i.redd.it/tb5pckm6e72y.jpg,#050402,#050400,#010101
http://i.imgur.com/6pnYQUv.jpg,#EFF0EB,#131416,#141517
https://i.redd.it/lsuw4p2ncyny.jpg,#F6F6F4,#DDDBDC,#DBD9DA
https://i.redd.it/fyqzavufvjwy.jpg,#251A14,#503627,#0A1C1C
https://i.redd.it/sn7ufk9fsv4z.jpg,#FCF8EF,#FCFFFF,#FBF8F1
https://i.redd.it/guul6eld2soy.jpg,#030000,#B3B09D,#E0DFCD
https://i.redd.it/7ofdqmp53bzy.jpg,#312718,#000200,#000000
https://i.redd.it/4m5yk8gjrtzy.jpg,#080000,#1B0708,#010101
http://i.imgur.com/enhDnTM.jpg,#000000,#0E0E0E,#181818
https://i.redd.it/1nlgrn49x7ry.jpg,#0D0D0D,#3A3935,#34332F
http://i.imgur.com/TKLs9lo.jpg,#232323,#2B2B2B,#212121
https://i.redd.it/s5viyluv421z.jpg,#070000,#0D0000,#270B00
http://i.imgur.com/FApqk3D.jpg,#FCFFFF,#FEFFFF,#FFFFFF
https://i.redd.it/w5q6gldnvcuy.jpg,#030722,#030E2A,#050B2B
http://i.imgur.com/lcEUZHv.jpg,#030303,#2D2D2D,#4E4E4E
http://i.imgur.com/M3NOzLC.jpg,#F1EAE2,#EBE4DC,#DAD3CD
http://i.imgur.com/sXhEQez.jpg,#767676,#7A7A7A,#515151
https://i.redd.it/fsuv32a1cc9y.jpg,#030000,#F2F2F2,#000002
http://i.imgur.com/tyDhTll.jpg,#020200,#A4947A,#060702
https://i.redd.it/h5t3qddvvzry.jpg,#060606,#0B0B0B,#0C0C0C
https://i.redd.it/m4cfqp8wfv5z.jpg,#DBD6DA,#DAD8D9,#040C0F
http://i.imgur.com/Gh2I3pq.jpg,#D5BCA6,#50412E,#1B100A
https://i.redd.it/cpkq97klre4z.jpg,#242515,#232414,#252616
https://i.redd.it/xae65ypfqycy.jpg,#F5F5F5,#F4F4F4,#040300
https://i.redd.it/cwljeujku33z.jpg,#050400,#090803,#060300
https://i.redd.it/ihczg3pmle3z.jpg,#C2C6B8,#BCC5B2,#B8C0B1
http://i.imgur.com/puEqa4C.jpg,#040000,#010000,#010009
https://i.redd.it/sn7ufk9fsv4z.jpg,#FCF8EF,#FCFFFF,#FBF8F1
https://i.imgur.com/HRgRMOw.jpg,#F1F3F0,#F1E8C9,#F6F5FA
https://i.redd.it/n9jq5j2tatcy.jpg,#0B1820,#D2D7D0,#D0D5CE
http://i.imgur.com/RycdbMO.jpg,#151D28,#9F9794,#010713
https://i.redd.it/rubsfuf64lvy.jpg,#F2F1F9,#030500,#03074E
https://i.redd.it/ru12lvaf7jyy.jpg,#311C1B,#FBE2F5,#FBEEF7
https://i.redd.it/c5pk0vnpg3ty.jpg,#D0CED1,#373C64,#EBE9EC
https://i.redd.it/ax4eueu0szpy.jpg,#706A76,#010916,#011D1E
http://i.imgur.com/pt9rmrv.jpg,#090408,#6C473F,#6C4947
http://i.imgur.com/qvnjbVw.jpg,#F3FCFB,#D5D5D7,#D4D3D9
https://i.redd.it/guul6eld2soy.jpg,#030000,#B3B09D,#E0DFCD
https://i.redd.it/lsuw4p2ncyny.jpg,#F6F6F4,#DDDBDC,#DBD9DA
https://i.redd.it/tb5pckm6e72y.jpg,#050402,#050400,#010101
https://i.redd.it/7ofdqmp53bzy.jpg,#312718,#000200,#000000
https://i.redd.it/fyqzavufvjwy.jpg,#251A14,#503627,#0A1C1C
http://i.imgur.com/6pnYQUv.jpg,#EFF0EB,#131416,#141517
https://i.redd.it/4m5yk8gjrtzy.jpg,#080000,#1B0708,#010101
https://i.redd.it/0qow2dksb34z.jpg,#E8D698,#E8EBE0,#E4D7C7
http://i.imgur.com/enhDnTM.jpg,#000000,#0E0E0E,#181818
http://i.imgur.com/TKLs9lo.jpg,#232323,#2B2B2B,#212121
https://i.redd.it/1nlgrn49x7ry.jpg,#0D0D0D,#3A3935,#34332F
http://i.imgur.com/FApqk3D.jpg,#FCFFFF,#FEFFFF,#FFFFFF
http://i.imgur.com/lcEUZHv.jpg,#030303,#2D2D2D,#4E4E4E
http://i.imgur.com/M3NOzLC.jpg,#F1EAE2,#EBE4DC,#DAD3CD
https://i.redd.it/s5viyluv421z.jpg,#070000,#0D0000,#270B00
http://i.imgur.com/Gh2I3pq.jpg,#D5BCA6,#50412E,#1B100A
https://i.redd.it/w5q6gldnvcuy.jpg,#030722,#030E2A,#050B2B
http://i.imgur.com/sXhEQez.jpg,#767676,#7A7A7A,#515151
https://i.redd.it/xae65ypfqycy.jpg,#F5F5F5,#F4F4F4,#040300
https://i.redd.it/fsuv32a1cc9y.jpg,#030000,#F2F2F2,#000002
https://i.redd.it/m4cfqp8wfv5z.jpg,#DBD6DA,#DAD8D9,#040C0F
https://i.redd.it/h5t3qddvvzry.jpg,#060606,#0B0B0B,#0C0C0C
http://i.imgur.com/tyDhTll.jpg,#020200,#A4947A,#060702
https://i.redd.it/ihczg3pmle3z.jpg,#C2C6B8,#BCC5B2,#B8C0B1
https://i.redd.it/cwljeujku33z.jpg,#050400,#090803,#060300
http://i.imgur.com/puEqa4C.jpg,#040000,#010000,#010009
https://i.redd.it/cpkq97klre4z.jpg,#242515,#232414,#252616
https://i.redd.it/n9jq5j2tatcy.jpg,#0B1820,#D2D7D0,#D0D5CE
http://i.imgur.com/RycdbMO.jpg,#151D28,#9F9794,#010713
https://i.redd.it/rubsfuf64lvy.jpg,#F2F1F9,#030500,#03074E
https://i.imgur.com/HRgRMOw.jpg,#F1F3F0,#F1E8C9,#F6F5FA
https://i.redd.it/0qow2dksb34z.jpg,#E8D698,#E8EBE0,#E4D7C7
https://i.redd.it/ru12lvaf7jyy.jpg,#311C1B,#FBE2F5,#FBEEF7
https://i.redd.it/c5pk0vnpg3ty.jpg,#D0CED1,#373C64,#EBE9EC
https://i.redd.it/guul6eld2soy.jpg,#030000,#B3B09D,#E0DFCD
http://i.imgur.com/6pnYQUv.jpg,#EFF0EB,#131416,#141517
https://i.redd.it/ax4eueu0szpy.jpg,#706A76,#010916,#011D1E
https://i.redd.it/lsuw4p2ncyny.jpg,#F6F6F4,#DDDBDC,#DBD9DA
https://i.redd.it/tb5pckm6e72y.jpg,#050402,#050400,#010101
https://i.redd.it/7ofdqmp53bzy.jpg,#312718,#000200,#000000
https://i.redd.it/sn7ufk9fsv4z.jpg,#FCF8EF,#FCFFFF,#FBF8F1
https://i.redd.it/fyqzavufvjwy.jpg,#251A14,#503627,#0A1C1C
http://i.imgur.com/qvnjbVw.jpg,#F3FCFB,#D5D5D7,#D4D3D9
https://i.redd.it/4m5yk8gjrtzy.jpg,#080000,#1B0708,#010101
http://i.imgur.com/TKLs9lo.jpg,#232323,#2B2B2B,#212121
https://i.redd.it/1nlgrn49x7ry.jpg,#0D0D0D,#3A3935,#34332F
http://i.imgur.com/FApqk3D.jpg,#FCFFFF,#FEFFFF,#FFFFFF
http://i.imgur.com/enhDnTM.jpg,#000000,#0E0E0E,#181818
http://i.imgur.com/lcEUZHv.jpg,#030303,#2D2D2D,#4E4E4E
https://i.redd.it/s5viyluv421z.jpg,#070000,#0D0000,#270B00
https://i.redd.it/w5q6gldnvcuy.jpg,#030722,#030E2A,#050B2B
https://i.redd.it/xae65ypfqycy.jpg,#F5F5F5,#F4F4F4,#040300
https://i.redd.it/m4cfqp8wfv5z.jpg,#DBD6DA,#DAD8D9,#040C0F
http://i.imgur.com/pt9rmrv.jpg,#090408,#6C473F,#6C4947
http://i.imgur.com/M3NOzLC.jpg,#F1EAE2,#EBE4DC,#DAD3CD
http://i.imgur.com/sXhEQez.jpg,#767676,#7A7A7A,#515151
http://i.imgur.com/tyDhTll.jpg,#020200,#A4947A,#060702
http://i.imgur.com/Gh2I3pq.jpg,#D5BCA6,#50412E,#1B100A
https://i.redd.it/h5t3qddvvzry.jpg,#060606,#0B0B0B,#0C0C0C
http://i.imgur.com/puEqa4C.jpg,#040000,#010000,#010009
https://i.redd.it/fsuv32a1cc9y.jpg,#030000,#F2F2F2,#000002
https://i.redd.it/cpkq97klre4z.jpg,#242515,#232414,#252616
https://i.redd.it/ihczg3pmle3z.jpg,#C2C6B8,#BCC5B2,#B8C0B1
https://i.redd.it/cwljeujku33z.jpg,#050400,#090803,#060300
https://i.redd.it/n9jq5j2tatcy.jpg,#0B1820,#D2D7D0,#D0D5CE
http://i.imgur.com/pt9rmrv.jpg,#090408,#6C473F,#6C4947
https://i.redd.it/0qow2dksb34z.jpg,#E8D698,#E8EBE0,#E4D7C7
http://i.imgur.com/RycdbMO.jpg,#151D28,#9F9794,#010713
https://i.redd.it/c5pk0vnpg3ty.jpg,#D0CED1,#373C64,#EBE9EC
https://i.redd.it/rubsfuf64lvy.jpg,#F2F1F9,#030500,#03074E
https://i.redd.it/sn7ufk9fsv4z.jpg,#FCF8EF,#FCFFFF,#FBF8F1
http://i.imgur.com/6pnYQUv.jpg,#EFF0EB,#131416,#141517
https://i.redd.it/ax4eueu0szpy.jpg,#706A76,#010916,#011D1E
https://i.redd.it/lsuw4p2ncyny.jpg,#F6F6F4,#DDDBDC,#DBD9DA
https://i.imgur.com/HRgRMOw.jpg,#F1F3F0,#F1E8C9,#F6F5FA
http://i.imgur.com/qvnjbVw.jpg,#F3FCFB,#D5D5D7,#D4D3D9
https://i.redd.it/ru12lvaf7jyy.jpg,#311C1B,#FBE2F5,#FBEEF7
https://i.redd.it/guul6eld2soy.jpg,#030000,#B3B09D,#E0DFCD
https://i.redd.it/7ofdqmp53bzy.jpg,#312718,#000200,#000000
https://i.redd.it/tb5pckm6e72y.jpg,#050402,#050400,#010101
https://i.redd.it/fyqzavufvjwy.jpg,#251A14,#503627,#0A1C1C
https://i.redd.it/4m5yk8gjrtzy.jpg,#080000,#1B0708,#010101
http://i.imgur.com/lcEUZHv.jpg,#030303,#2D2D2D,#4E4E4E
http://i.imgur.com/TKLs9lo.jpg,#232323,#2B2B2B,#212121
https://i.redd.it/xae65ypfqycy.jpg,#F5F5F5,#F4F4F4,#040300
http://i.imgur.com/FApqk3D.jpg,#FCFFFF,#FEFFFF,#FFFFFF
https://i.redd.it/1nlgrn49x7ry.jpg,#0D0D0D,#3A3935,#34332F
http://i.imgur.com/enhDnTM.jpg,#000000,#0E0E0E,#181818
https://i.redd.it/w5q6gldnvcuy.jpg,#030722,#030E2A,#050B2B
https://i.redd.it/h5t3qddvvzry.jpg,#060606,#0B0B0B,#0C0C0C
https://i.redd.it/s5viyluv421z.jpg,#070000,#0D0000,#270B00
http://i.imgur.com/M3NOzLC.jpg,#F1EAE2,#EBE4DC,#DAD3CD
http://i.imgur.com/sXhEQez.jpg,#767676,#7A7A7A,#515151
https://i.redd.it/fsuv32a1cc9y.jpg,#030000,#F2F2F2,#000002
http://i.imgur.com/tyDhTll.jpg,#020200,#A4947A,#060702
http://i.imgur.com/puEqa4C.jpg,#040000,#010000,#010009
https://i.redd.it/cpkq97klre4z.jpg,#242515,#232414,#252616
http://i.imgur.com/Gh2I3pq.jpg,#D5BCA6,#50412E,#1B100A
https://i.redd.it/cwljeujku33z.jpg,#050400,#090803,#060300
https://i.redd.it/ihczg3pmle3z.jpg,#C2C6B8,#BCC5B2,#B8C0B1
https://i.redd.it/n9jq5j2tatcy.jpg,#0B1820,#D2D7D0,#D0D5CE
https://i.redd.it/m4cfqp8wfv5z.jpg,#DBD6DA,#DAD8D9,#040C0F
https://i.redd.it/0qow2dksb34z.jpg,#E8D698,#E8EBE0,#E4D7C7
http://i.imgur.com/RycdbMO.jpg,#151D28,#9F9794,#010713
http://i.imgur.com/pt9rmrv.jpg,#090408,#6C473F,#6C4947
https://i.redd.it/rubsfuf64lvy.jpg,#F2F1F9,#030500,#03074E
https://i.redd.it/c5pk0vnpg3ty.jpg,#D0CED1,#373C64,#EBE9EC
https://i.redd.it/sn7ufk9fsv4z.jpg,#FCF8EF,#FCFFFF,#FBF8F1
https://i.redd.it/lsuw4p2ncyny.jpg,#F6F6F4,#DDDBDC,#DBD9DA
https://i.redd.it/ru12lvaf7jyy.jpg,#311C1B,#FBE2F5,#FBEEF7
https://i.redd.it/ax4eueu0szpy.jpg,#706A76,#010916,#011D1E
http://i.imgur.com/6pnYQUv.jpg,#EFF0EB,#131416,#141517
https://i.redd.it/fyqzavufvjwy.jpg,#251A14,#503627,#0A1C1C
https://i.redd.it/tb5pckm6e72y.jpg,#050402,#050400,#010101
http://i.imgur.com/qvnjbVw.jpg,#F3FCFB,#D5D5D7,#D4D3D9
https://i.imgur.com/HRgRMOw.jpg,#F1F3F0,#F1E8C9,#F6F5FA
https://i.redd.it/7ofdqmp53bzy.jpg,#312718,#000200,#000000
https://i.redd.it/4m5yk8gjrtzy.jpg,#080000,#1B0708,#010101
https://i.redd.it/guul6eld2soy.jpg,#030000,#B3B09D,#E0DFCD
http://i.imgur.com/TKLs9lo.jpg,#232323,#2B2B2B,#212121
http://i.imgur.com/FApqk3D.jpg,#FCFFFF,#FEFFFF,#FFFFFF
https://i.redd.it/1nlgrn49x7ry.jpg,#0D0D0D,#3A3935,#34332F
http://i.imgur.com/lcEUZHv.jpg,#030303,#2D2D2D,#4E4E4E
https://i.redd.it/m4cfqp8wfv5z.jpg,#DBD6DA,#DAD8D9,#040C0F
https://i.redd.it/w5q6gldnvcuy.jpg,#030722,#030E2A,#050B2B
https://i.redd.it/h5t3qddvvzry.jpg,#060606,#0B0B0B,#0C0C0C
https://i.redd.it/s5viyluv421z.jpg,#070000,#0D0000,#270B00
http://i.imgur.com/Gh2I3pq.jpg,#D5BCA6,#50412E,#1B100A
https://i.redd.it/xae65ypfqycy.jpg,#F5F5F5,#F4F4F4,#040300
http://i.imgur.com/M3NOzLC.jpg,#F1EAE2,#EBE4DC,#DAD3CD
http://i.imgur.com/sXhEQez.jpg,#767676,#7A7A7A,#515151
https://i.redd.it/fsuv32a1cc9y.jpg,#030000,#F2F2F2,#000002
http://i.imgur.com/tyDhTll.jpg,#020200,#A4947A,#060702
http://i.imgur.com/puEqa4C.jpg,#040000,#010000,#010009
https://i.redd.it/ihczg3pmle3z.jpg,#C2C6B8,#BCC5B2,#B8C0B1
http://i.imgur.com/enhDnTM.jpg,#000000,#0E0E0E,#181818
https://i.redd.it/cwljeujku33z.jpg,#050400,#090803,#060300
https://i.redd.it/cpkq97klre4z.jpg,#242515,#232414,#252616
https://i.redd.it/lsuw4p2ncyny.jpg,#F6F6F4,#DDDBDC,#DBD9DA
https://i.redd.it/sn7ufk9fsv4z.jpg,#FCF8EF,#FCFFFF,#FBF8F1
https://i.redd.it/n9jq5j2tatcy.jpg,#0B1820,#D2D7D0,#D0D5CE
https://i.redd.it/rubsfuf64lvy.jpg,#F2F1F9,#030500,#03074E
https://i.redd.it/c5pk0vnpg3ty.jpg,#D0CED1,#373C64,#EBE9EC
https://i.redd.it/ru12lvaf7jyy.jpg,#311C1B,#FBE2F5,#FBEEF7
https://i.redd.it/0qow2dksb34z.jpg,#E8D698,#E8EBE0,#E4D7C7
http://i.imgur.com/pt9rmrv.jpg,#090408,#6C473F,#6C4947
https://i.redd.it/ax4eueu0szpy.jpg,#706A76,#010916,#011D1E
http://i.imgur.com/RycdbMO.jpg,#151D28,#9F9794,#010713
http://i.imgur.com/qvnjbVw.jpg,#F3FCFB,#D5D5D7,#D4D3D9
https://i.imgur.com/HRgRMOw.jpg,#F1F3F0,#F1E8C9,#F6F5FA
http://i.imgur.com/6pnYQUv.jpg,#EFF0EB,#131416,#141517
https://i.redd.it/tb5pckm6e72y.jpg,#050402,#050400,#010101
https://i.redd.it/guul6eld2soy.jpg,#030000,#B3B09D,#E0DFCD
https://i.redd.it/fyqzavufvjwy.jpg,#251A14,#503627,#0A1C1C
https://i.redd.it/4m5yk8gjrtzy.jpg,#080000,#1B0708,#010101
https://i.redd.it/7ofdqmp53bzy.jpg,#312718,#000200,#000000
http://i.imgur.com/TKLs9lo.jpg,#232323,#2B2B2B,#212121
https://i.redd.it/1nlgrn49x7ry.jpg,#0D0D0D,#3A3935,#34332F
http://i.imgur.com/FApqk3D.jpg,#FCFFFF,#FEFFFF,#FFFFFF
https://i.redd.it/s5viyluv421z.jpg,#070000,#0D0000,#270B00
https://i.redd.it/xae65ypfqycy.jpg,#F5F5F5,#F4F4F4,#040300
http://i.imgur.com/lcEUZHv.jpg,#030303,#2D2D2D,#4E4E4E
https://i.redd.it/w5q6gldnvcuy.jpg,#030722,#030E2A,#050B2B
https://i.redd.it/m4cfqp8wfv5z.jpg,#DBD6DA,#DAD8D9,#040C0F
http://i.imgur.com/Gh2I3pq.jpg,#D5BCA6,#50412E,#1B100A
https://i.redd.it/cwljeujku33z.jpg,#050400,#090803,#060300
http://i.imgur.com/M3NOzLC.jpg,#F1EAE2,#EBE4DC,#DAD3CD
http://i.imgur.com/sXhEQez.jpg,#767676,#7A7A7A,#515151
http://i.imgur.com/tyDhTll.jpg,#020200,#A4947A,#060702
http://i.imgur.com/puEqa4C.jpg,#040000,#010000,#010009
https://i.redd.it/fsuv32a1cc9y.jpg,#030000,#F2F2F2,#000002
https://i.redd.it/ihczg3pmle3z.jpg,#C2C6B8,#BCC5B2,#B8C0B1
https://i.redd.it/h5t3qddvvzry.jpg,#060606,#0B0B0B,#0C0C0C
https://i.redd.it/cpkq97klre4z.jpg,#242515,#232414,#252616
http://i.imgur.com/enhDnTM.jpg,#000000,#0E0E0E,#181818
https://i.imgur.com/HRgRMOw.jpg,#F1F3F0,#F1E8C9,#F6F5FA
https://i.redd.it/n9jq5j2tatcy.jpg,#0B1820,#D2D7D0,#D0D5CE
https://i.redd.it/0qow2dksb34z.jpg,#E8D698,#E8EBE0,#E4D7C7
https://i.redd.it/ru12lvaf7jyy.jpg,#311C1B,#FBE2F5,#FBEEF7
http://i.imgur.com/RycdbMO.jpg,#151D28,#9F9794,#010713
https://i.redd.it/rubsfuf64lvy.jpg,#F2F1F9,#030500,#03074E
http://i.imgur.com/pt9rmrv.jpg,#090408,#6C473F,#6C4947
https://i.redd.it/lsuw4p2ncyny.jpg,#F6F6F4,#DDDBDC,#DBD9DA
https://i.redd.it/c5pk0vnpg3ty.jpg,#D0CED1,#373C64,#EBE9EC
https://i.redd.it/ax4eueu0szpy.jpg,#706A76,#010916,#011D1E
http://i.imgur.com/6pnYQUv.jpg,#EFF0EB,#131416,#141517
https://i.redd.it/7ofdqmp53bzy.jpg,#312718,#000200,#000000
https://i.redd.it/tb5pckm6e72y.jpg,#050402,#050400,#010101
https://i.redd.it/sn7ufk9fsv4z.jpg,#FCF8EF,#FCFFFF,#FBF8F1
http://i.imgur.com/qvnjbVw.jpg,#F3FCFB,#D5D5D7,#D4D3D9
https://i.redd.it/fyqzavufvjwy.jpg,#251A14,#503627,#0A1C1C
https://i.redd.it/guul6eld2soy.jpg,#030000,#B3B09D,#E0DFCD
https://i.redd.it/4m5yk8gjrtzy.jpg,#080000,#1B0708,#010101
http://i.imgur.com/FApqk3D.jpg,#FCFFFF,#FEFFFF,#FFFFFF
http://i.imgur.com/TKLs9lo.jpg,#232323,#2B2B2B,#212121
https://i.redd.it/xae65ypfqycy.jpg,#F5F5F5,#F4F4F4,#040300
https://i.redd.it/1nlgrn49x7ry.jpg,#0D0D0D,#3A3935,#34332F
http://i.imgur.com/enhDnTM.jpg,#000000,#0E0E0E,#181818
http://i.imgur.com/M3NOzLC.jpg,#F1EAE2,#EBE4DC,#DAD3CD
http://i.imgur.com/lcEUZHv.jpg,#030303,#2D2D2D,#4E4E4E
https://i.redd.it/s5viyluv421z.jpg,#070000,#0D0000,#270B00
http://i.imgur.com/Gh2I3pq.jpg,#D5BCA6,#50412E,#1B100A
https://i.redd.it/h5t3qddvvzry.jpg,#060606,#0B0B0B,#0C0C0C
http://i.imgur.com/sXhEQez.jpg,#767676,#7A7A7A,#515151
https://i.redd.it/w5q6gldnvcuy.jpg,#030722,#030E2A,#050B2B
https://i.redd.it/ihczg3pmle3z.jpg,#C2C6B8,#BCC5B2,#B8C0B1
https://i.redd.it/cpkq97klre4z.jpg,#242515,#232414,#252616
http://i.imgur.com/tyDhTll.jpg,#020200,#A4947A,#060702
http://i.imgur.com/puEqa4C.jpg,#040000,#010000,#010009
https://i.redd.it/fsuv32a1cc9y.jpg,#030000,#F2F2F2,#000002
https://i.redd.it/cwljeujku33z.jpg,#050400,#090803,#060300
https://i.redd.it/m4cfqp8wfv5z.jpg,#DBD6DA,#DAD8D9,#040C0F
http://i.imgur.com/pt9rmrv.jpg,#090408,#6C473F,#6C4947
https://i.redd.it/n9jq5j2tatcy.jpg,#0B1820,#D2D7D0,#D0D5CE
https://i.redd.it/rubsfuf64lvy.jpg,#F2F1F9,#030500,#03074E
http://i.imgur.com/RycdbMO.jpg,#151D28,#9F9794,#010713
https://i.redd.it/ru12lvaf7jyy.jpg,#311C1B,#FBE2F5,#FBEEF7
https://i.imgur.com/HRgRMOw.jpg,#F1F3F0,#F1E8C9,#F6F5FA
https://i.redd.it/c5pk0vnpg3ty.jpg,#D0CED1,#373C64,#EBE9EC
https://i.redd.it/0qow2dksb34z.jpg,#E8D698,#E8EBE0,#E4D7C7
http://i.imgur.com/qvnjbVw.jpg,#F3FCFB,#D5D5D7,#D4D3D9
https://i.redd.it/ax4eueu0szpy.jpg,#706A76,#010916,#011D1E
http://i.imgur.com/6pnYQUv.jpg,#EFF0EB,#131416,#141517
https://i.redd.it/lsuw4p2ncyny.jpg,#F6F6F4,#DDDBDC,#DBD9DA
https://i.redd.it/fyqzavufvjwy.jpg,#251A14,#503627,#0A1C1C
https://i.redd.it/sn7ufk9fsv4z.jpg,#FCF8EF,#FCFFFF,#FBF8F1
https://i.redd.it/tb5pckm6e72y.jpg,#050402,#050400,#010101
https://i.redd.it/7ofdqmp53bzy.jpg,#312718,#000200,#000000
http://i.imgur.com/enhDnTM.jpg,#000000,#0E0E0E,#181818
https://i.redd.it/4m5yk8gjrtzy.jpg,#080000,#1B0708,#010101
https://i.redd.it/guul6eld2soy.jpg,#030000,#B3B09D,#E0DFCD
http://i.imgur.com/TKLs9lo.jpg,#232323,#2B2B2B,#212121
https://i.redd.it/1nlgrn49x7ry.jpg,#0D0D0D,#3A3935,#34332F
http://i.imgur.com/FApqk3D.jpg,#FCFFFF,#FEFFFF,#FFFFFF
https://i.redd.it/s5viyluv421z.jpg,#070000,#0D0000,#270B00
https://i.redd.it/xae65ypfqycy.jpg,#F5F5F5,#F4F4F4,#040300
http://i.imgur.com/lcEUZHv.jpg,#030303,#2D2D2D,#4E4E4E
https://i.redd.it/m4cfqp8wfv5z.jpg,#DBD6DA,#DAD8D9,#040C0F
http://i.imgur.com/Gh2I3pq.jpg,#D5BCA6,#50412E,#1B100A
https://i.redd.it/h5t3qddvvzry.jpg,#060606,#0B0B0B,#0C0C0C
https://i.redd.it/fsuv32a1cc9y.jpg,#030000,#F2F2F2,#000002
http://i.imgur.com/M3NOzLC.jpg,#F1EAE2,#EBE4DC,#DAD3CD
http://i.imgur.com/sXhEQez.jpg,#767676,#7A7A7A,#515151
https://i.redd.it/w5q6gldnvcuy.jpg,#030722,#030E2A,#050B2B
https://i.redd.it/ihczg3pmle3z.jpg,#C2C6B8,#BCC5B2,#B8C0B1
https://i.redd.it/cpkq97klre4z.jpg,#242515,#232414,#252616
http://i.imgur.com/puEqa4C.jpg,#040000,#010000,#010009
http://i.imgur.com/tyDhTll.jpg,#020200,#A4947A,#060702
https://i.redd.it/cwljeujku33z.jpg,#050400,#090803,#060300
https://i.redd.it/n9jq5j2tatcy.jpg,#0B1820,#D2D7D0,#D0D5CE
https://i.redd.it/lsuw4p2ncyny.jpg,#F6F6F4,#DDDBDC,#DBD9DA
https://i.redd.it/rubsfuf64lvy.jpg,#F2F1F9,#030500,#03074E
https://i.redd.it/0qow2dksb34z.jpg,#E8D698,#E8EBE0,#E4D7C7
https://i.redd.it/sn7ufk9fsv4z.jpg,#FCF8EF,#FCFFFF,#FBF8F1
https://i.imgur.com/HRgRMOw.jpg,#F1F3F0,#F1E8C9,#F6F5FA
https://i.redd.it/c5pk0vnpg3ty.jpg,#D0CED1,#373C64,#EBE9EC
https://i.redd.it/ru12lvaf7jyy.jpg,#311C1B,#FBE2F5,#FBEEF7
http://i.imgur.com/RycdbMO.jpg,#151D28,#9F9794,#010713
http://i.imgur.com/pt9rmrv.jpg,#090408,#6C473F,#6C4947
https://i.redd.it/ax4eueu0szpy.jpg,#706A76,#010916,#011D1E
https://i.redd.it/guul6eld2soy.jpg,#030000,#B3B09D,#E0DFCD
https://i.redd.it/fyqzavufvjwy.jpg,#251A14,#503627,#0A1C1C
http://i.imgur.com/6pnYQUv.jpg,#EFF0EB,#131416,#141517
http://i.imgur.com/qvnjbVw.jpg,#F3FCFB,#D5D5D7,#D4D3D9
https://i.redd.it/tb5pckm6e72y.jpg,#050402,#050400,#010101
https://i.redd.it/7ofdqmp53bzy.jpg,#312718,#000200,#000000
https://i.redd.it/4m5yk8gjrtzy.jpg,#080000,#1B0708,#010101
http://i.imgur.com/TKLs9lo.jpg,#232323,#2B2B2B,#212121
http://i.imgur.com/FApqk3D.jpg,#FCFFFF,#FEFFFF,#FFFFFF
http://i.imgur.com/enhDnTM.jpg,#000000,#0E0E0E,#181818
https://i.redd.it/1nlgrn49x7ry.jpg,#0D0D0D,#3A3935,#34332F
https://i.redd.it/s5viyluv421z.jpg,#070000,#0D0000,#270B00
https://i.redd.it/w5q6gldnvcuy.jpg,#030722,#030E2A,#050B2B
http://i.imgur.com/lcEUZHv.jpg,#030303,#2D2D2D,#4E4E4E
https://i.redd.it/h5t3qddvvzry.jpg,#060606,#0B0B0B,#0C0C0C
https://i.redd.it/m4cfqp8wfv5z.jpg,#DBD6DA,#DAD8D9,#040C0F
http://i.imgur.com/Gh2I3pq.jpg,#D5BCA6,#50412E,#1B100A
http://i.imgur.com/sXhEQez.jpg,#767676,#7A7A7A,#515151
http://i.imgur.com/M3NOzLC.jpg,#F1EAE2,#EBE4DC,#DAD3CD
https://i.redd.it/xae65ypfqycy.jpg,#F5F5F5,#F4F4F4,#040300
https://i.redd.it/ihczg3pmle3z.jpg,#C2C6B8,#BCC5B2,#B8C0B1
https://i.redd.it/fsuv32a1cc9y.jpg,#030000,#F2F2F2,#000002
https://i.redd.it/cwljeujku33z.jpg,#050400,#090803,#060300
https://i.redd.it/cpkq97klre4z.jpg,#242515,#232414,#252616
http://i.imgur.com/puEqa4C.jpg,#040000,#010000,#010009
http://i.imgur.com/tyDhTll.jpg,#020200,#A4947A,#060702
https://i.redd.it/lsuw4p2ncyny.jpg,#F6F6F4,#DDDBDC,#DBD9DA
https://i.redd.it/n9jq5j2tatcy.jpg,#0B1820,#D2D7D0,#D0D5CE
https://i.redd.it/sn7ufk9fsv4z.jpg,#FCF8EF,#FCFFFF,#FBF8F1
http://i.imgur.com/RycdbMO.jpg,#151D28,#9F9794,#010713
https://i.redd.it/ru12lvaf7jyy.jpg,#311C1B,#FBE2F5,#FBEEF7
https://i.redd.it/c5pk0vnpg3ty.jpg,#D0CED1,#373C64,#EBE9EC
http://i.imgur.com/6pnYQUv.jpg,#EFF0EB,#131416,#141517
https://i.redd.it/ax4eueu0szpy.jpg,#706A76,#010916,#011D1E
http://i.imgur.com/pt9rmrv.jpg,#090408,#6C473F,#6C4947
https://i.imgur.com/HRgRMOw.jpg,#F1F3F0,#F1E8C9,#F6F5FA
https://i.redd.it/7ofdqmp53bzy.jpg,#312718,#000200,#000000
https://i.redd.it/guul6eld2soy.jpg,#030000,#B3B09D,#E0DFCD
https://i.redd.it/fyqzavufvjwy.jpg,#251A14,#503627,#0A1C1C
https://i.redd.it/0qow2dksb34z.jpg,#E8D698,#E8EBE0,#E4D7C7
http://i.imgur.com/qvnjbVw.jpg,#F3FCFB,#D5D5D7,#D4D3D9
https://i.redd.it/rubsfuf64lvy.jpg,#F2F1F9,#030500,#03074E
https://i.redd.it/tb5pckm6e72y.jpg,#050402,#050400,#010101
https://i.redd.it/4m5yk8gjrtzy.jpg,#080000,#1B0708,#010101
http://i.imgur.com/TKLs9lo.jpg,#232323,#2B2B2B,#212121
http://i.imgur.com/FApqk3D.jpg,#FCFFFF,#FEFFFF,#FFFFFF
http://i.imgur.com/enhDnTM.jpg,#000000,#0E0E0E,#181818
https://i.redd.it/1nlgrn49x7ry.jpg,#0D0D0D,#3A3935,#34332F
https://i.redd.it/w5q6gldnvcuy.jpg,#030722,#030E2A,#050B2B
https://i.redd.it/m4cfqp8wfv5z.jpg,#DBD6DA,#DAD8D9,#040C0F
https://i.redd.it/xae65ypfqycy.jpg,#F5F5F5,#F4F4F4,#040300
http://i.imgur.com/lcEUZHv.jpg,#030303,#2D2D2D,#4E4E4E
https://i.redd.it/s5viyluv421z.jpg,#070000,#0D0000,#270B00
http://i.imgur.com/Gh2I3pq.jpg,#D5BCA6,#50412E,#1B100A
https://i.redd.it/h5t3qddvvzry.jpg,#060606,#0B0B0B,#0C0C0C
http://i.imgur.com/sXhEQez.jpg,#767676,#7A7A7A,#515151
http://i.imgur.com/M3NOzLC.jpg,#F1EAE2,#EBE4DC,#DAD3CD
http://i.imgur.com/tyDhTll.jpg,#020200,#A4947A,#060702
http://i.imgur.com/puEqa4C.jpg,#040000,#010000,#010009
https://i.redd.it/fsuv32a1cc9y.jpg,#030000,#F2F2F2,#000002
https://i.redd.it/ihczg3pmle3z.jpg,#C2C6B8,#BCC5B2,#B8C0B1
https://i.redd.it/cpkq97klre4z.jpg,#242515,#232414,#252616
https://i.redd.it/n9jq5j2tatcy.jpg,#0B1820,#D2D7D0,#D0D5CE
https://i.redd.it/cwljeujku33z.jpg,#050400,#090803,#060300
https://i.redd.it/lsuw4p2ncyny.jpg,#F6F6F4,#DDDBDC,#DBD9DA
http://i.imgur.com/pt9rmrv.jpg,#090408,#6C473F,#6C4947
http://i.imgur.com/RycdbMO.jpg,#151D28,#9F9794,#010713
https://i.redd.it/0qow2dksb34z.jpg,#E8D698,#E8EBE0,#E4D7C7
https://i.redd.it/rubsfuf64lvy.jpg,#F2F1F9,#030500,#03074E
https://i.redd.it/ru12lvaf7jyy.jpg,#311C1B,#FBE2F5,#FBEEF7
https://i.imgur.com/HRgRMOw.jpg,#F1F3F0,#F1E8C9,#F6F5FA
http://i.imgur.com/6pnYQUv.jpg,#EFF0EB,#131416,#141517
https://i.redd.it/c5pk0vnpg3ty.jpg,#D0CED1,#373C64,#EBE9EC
https://i.redd.it/ax4eueu0szpy.jpg,#706A76,#010916,#011D1E
https://i.redd.it/guul6eld2soy.jpg,#030000,#B3B09D,#E0DFCD
https://i.redd.it/tb5pckm6e72y.jpg,#050402,#050400,#010101
https://i.redd.it/sn7ufk9fsv4z.jpg,#FCF8EF,#FCFFFF,#FBF8F1
https://i.redd.it/fyqzavufvjwy.jpg,#251A14,#503627,#0A1C1C
http://i.imgur.com/qvnjbVw.jpg,#F3FCFB,#D5D5D7,#D4D3D9
https://i.redd.it/4m5yk8gjrtzy.jpg,#080000,#1B0708,#010101
https://i.redd.it/7ofdqmp53bzy.jpg,#312718,#000200,#000000
http://i.imgur.com/TKLs9lo.jpg,#232323,#2B2B2B,#212121
https://i.redd.it/1nlgrn49x7ry.jpg,#0D0D0D,#3A3935,#34332F
http://i.imgur.com/FApqk3D.jpg,#FCFFFF,#FEFFFF,#FFFFFF
https://i.redd.it/s5viyluv421z.jpg,#070000,#0D0000,#270B00
http://i.imgur.com/lcEUZHv.jpg,#030303,#2D2D2D,#4E4E4E
https://i.redd.it/w5q6gldnvcuy.jpg,#030722,#030E2A,#050B2B
https://i.redd.it/xae65ypfqycy.jpg,#F5F5F5,#F4F4F4,#040300
http://i.imgur.com/enhDnTM.jpg,#000000,#0E0E0E,#181818
https://i.redd.it/m4cfqp8wfv5z.jpg,#DBD6DA,#DAD8D9,#040C0F
http://i.imgur.com/sXhEQez.jpg,#767676,#7A7A7A,#515151
http://i.imgur.com/M3NOzLC.jpg,#F1EAE2,#EBE4DC,#DAD3CD
http://i.imgur.com/tyDhTll.jpg,#020200,#A4947A,#060702
https://i.redd.it/fsuv32a1cc9y.jpg,#030000,#F2F2F2,#000002
https://i.redd.it/ihczg3pmle3z.jpg,#C2C6B8,#BCC5B2,#B8C0B1
http://i.imgur.com/Gh2I3pq.jpg,#D5BCA6,#50412E,#1B100A
http://i.imgur.com/puEqa4C.jpg,#040000,#010000,#010009
https://i.redd.it/h5t3qddvvzry.jpg,#060606,#0B0B0B,#0C0C0C
https://i.redd.it/cwljeujku33z.jpg,#050400,#090803,#060300
https://i.redd.it/cpkq97klre4z.jpg,#242515,#232414,#252616
https://i.redd.it/n9jq5j2tatcy.jpg,#0B1820,#D2D7D0,#D0D5CE
https://i.redd.it/sn7ufk9fsv4z.jpg,#FCF8EF,#FCFFFF,#FBF8F1
https://i.redd.it/rubsfuf64lvy.jpg,#F2F1F9,#030500,#03074E
http://i.imgur.com/RycdbMO.jpg,#151D28,#9F9794,#010713
https://i.redd.it/c5pk0vnpg3ty.jpg,#D0CED1,#373C64,#EBE9EC
https://i.redd.it/ru12lvaf7jyy.jpg,#311C1B,#FBE2F5,#FBEEF7
http://i.imgur.com/6pnYQUv.jpg,#EFF0EB,#131416,#141517
https://i.redd.it/lsuw4p2ncyny.jpg,#F6F6F4,#DDDBDC,#DBD9DA
http://i.imgur.com/pt9rmrv.jpg,#090408,#6C473F,#6C4947
https://i.imgur.com/HRgRMOw.jpg,#F1F3F0,#F1E8C9,#F6F5FA
https://i.redd.it/tb5pckm6e72y.jpg,#050402,#050400,#010101
https://i.redd.it/guul6eld2soy.jpg,#030000,#B3B09D,#E0DFCD
https://i.redd.it/fyqzavufvjwy.jpg,#251A14,#503627,#0A1C1C
http://i.imgur.com/qvnjbVw.jpg,#F3FCFB,#D5D5D7,#D4D3D9
https://i.redd.it/ax4eueu0szpy.jpg,#706A76,#010916,#011D1E
https://i.redd.it/0qow2dksb34z.jpg,#E8D698,#E8EBE0,#E4D7C7
https://i.redd.it/7ofdqmp53bzy.jpg,#312718,#000200,#000000
https://i.redd.it/4m5yk8gjrtzy.jpg,#080000,#1B0708,#010101
http://i.imgur.com/TKLs9lo.jpg,#232323,#2B2B2B,#212121
https://i.redd.it/1nlgrn49x7ry.jpg,#0D0D0D,#3A3935,#34332F
http://i.imgur.com/FApqk3D.jpg,#FCFFFF,#FEFFFF,#FFFFFF
http://i.imgur.com/lcEUZHv.jpg,#030303,#2D2D2D,#4E4E4E
https://i.redd.it/w5q6gldnvcuy.jpg,#030722,#030E2A,#050B2B
http://i.imgur.com/enhDnTM.jpg,#000000,#0E0E0E,#181818
https://i.redd.it/m4cfqp8wfv5z.jpg,#DBD6DA,#DAD8D9,#040C0F
https://i.redd.it/s5viyluv421z.jpg,#070000,#0D0000,#270B00
http://i.imgur.com/sXhEQez.jpg,#767676,#7A7A7A,#515151
https://i.redd.it/fsuv32a1cc9y.jpg,#030000,#F2F2F2,#000002
https://i.redd.it/xae65ypfqycy.jpg,#F5F5F5,#F4F4F4,#040300
https://i.redd.it/cwljeujku33z.jpg,#050400,#090803,#060300
https://i.redd.it/h5t3qddvvzry.jpg,#060606,#0B0B0B,#0C0C0C
https://i.redd.it/ihczg3pmle3z.jpg,#C2C6B8,#BCC5B2,#B8C0B1
https://i.redd.it/cpkq97klre4z.jpg,#242515,#232414,#252616
http://i.imgur.com/M3NOzLC.jpg,#F1EAE2,#EBE4DC,#DAD3CD
http://i.imgur.com/puEqa4C.jpg,#040000,#010000,#010009
http://i.imgur.com/tyDhTll.jpg,#020200,#A4947A,#060702
http://i.imgur.com/Gh2I3pq.jpg,#D5BCA6,#50412E,#1B100A
https://i.redd.it/n9jq5j2tatcy.jpg,#0B1820,#D2D7D0,#D0D5CE
https://i.redd.it/lsuw4p2ncyny.jpg,#F6F6F4,#DDDBDC,#DBD9DA
http://i.imgur.com/RycdbMO.jpg,#151D28,#9F9794,#010713
http://i.imgur.com/pt9rmrv.jpg,#090408,#6C473F,#6C4947
http://i.imgur.com/6pnYQUv.jpg,#EFF0EB,#131416,#141517
https://i.redd.it/rubsfuf64lvy.jpg,#F2F1F9,#030500,#03074E
https://i.redd.it/ru12lvaf7jyy.jpg,#311C1B,#FBE2F5,#FBEEF7
https://i.redd.it/c5pk0vnpg3ty.jpg,#D0CED1,#373C64,#EBE9EC
https://i.imgur.com/HRgRMOw.jpg,#F1F3F0,#F1E8C9,#F6F5FA
https://i.redd.it/guul6eld2soy.jpg,#030000,#B3B09D,#E0DFCD
https://i.redd.it/ax4eueu0szpy.jpg,#706A76,#010916,#011D1E
https://i.redd.it/fyqzavufvjwy.jpg,#251A14,#503627,#0A1C1C
https://i.redd.it/7ofdqmp53bzy.jpg,#312718,#000200,#000000
https://i.redd.it/0qow2dksb34z.jpg,#E8D698,#E8EBE0,#E4D7C7
http://i.imgur.com/qvnjbVw.jpg,#F3FCFB,#D5D5D7,#D4D3D9
https://i.redd.it/tb5pckm6e72y.jpg,#050402,#050400,#010101
https://i.redd.it/sn7ufk9fsv4z.jpg,#FCF8EF,#FCFFFF,#FBF8F1
http://i.imgur.com/enhDnTM.jpg,#000000,#0E0E0E,#181818
https://i.redd.it/m4cfqp8wfv5z.jpg,#DBD6DA,#DAD8D9,#040C0F
http://i.imgur.com/Gh2I3pq.jpg,#D5BCA6,#50412E,#1B100A
https://i.redd.it/lsuw4p2ncyny.jpg,#F6F6F4,#DDDBDC,#DBD9DA
http://i.imgur.com/enhDnTM.jpg,#000000,#0E0E0E,#181818
